{
  "students": [
    {
      "id": 1,
      "name": "haiTT",
      "gender": 1,
      "languages": [
        "C#"
      ]
    },
    {
      "id": 2,
      "name": "TrungDP",
      "gender": 1,
      "languages": [
        "C#",
        "Java"
      ]
    },
    {
      "name": "TrungDC",
      "age": 30,
      "gender": 1,
      "languages": [
        "Java",
        "C#",
        "ReactJS"
      ],
      "id": 3
    },
    {
      "name": "LinhNMH",
      "age": 30,
      "gender": 0,
      "languages": [],
      "id": 4
    }
  ]
}